
<!--  
这个为菜单列表，注意编辑的格式!例如：
<phone id="手机概览,overview">手机外观</phone>
1、手机概览：一级标题名称
2、overview：这个为assets下的各个模块文件夹的名称，记住这个值一定要与文件夹的名称对应，不然链接会出错
3、手机外观：二级标题名称
4、手机概览与overview之间的逗号为英文状态下的，请注意
5、各个模块文件夹的html文件一定要按照顺序来命名，即XXX_1到XXX_n来命名，中间不能有断续
--><phones>
<phone id="ภาพรวมและคู่มือการใช้งานฉบับย่อ,overview">แนะนำภายนอกโทรศัพท์</phone>
<phone id="ภาพรวมและคู่มือการใช้งานฉบับย่อ,overview">การติดตั้งและการเตรียมความพร้อม</phone>
<phone id="ภาพรวมและคู่มือการใช้งานฉบับย่อ,overview">การล็อกและปลดล็อกหน้าจอ</phone>
<phone id="ภาพรวมและคู่มือการใช้งานฉบับย่อ,overview">ไอคอนแถบสถานะและการแจ้งเตือน</phone>
<phone id="ภาพรวมและคู่มือการใช้งานฉบับย่อ,overview">ศูนย์ทางลัดบนหน้าจอหลัก</phone>
<phone id="ภาพรวมและคู่มือการใช้งานฉบับย่อ,overview">การแก้ไขหน้าจอหลัก</phone>

<phone id="การตั้งค่า,settings">Wi-Fi</phone>
<phone id="การตั้งค่า,settings">เครือข่ายโทรศัพท์มือถือ</phone>
<phone id="การตั้งค่า,settings">เครือข่ายและการเชื่อมต่ออื่น</phone>
<phone id="การตั้งค่า,settings">การแจ้งเตือนและแถบสถานะ</phone>
<phone id="การตั้งค่า,settings">การแสดงผลและความสว่าง</phone>
<phone id="การตั้งค่า,settings">หน้าจอล็อค หน้าจอหลักและวอลเปเปอร์</phone>
<phone id="การตั้งค่า,settings">เอฟเฟ็กต์แบบไดนามิก</phone>
<phone id="การตั้งค่า,settings">เสียงและการสั่น</phone>
<phone id="การตั้งค่า,settings">Jovi</phone>
<phone id="การตั้งค่า,settings">การนำทางระบบ</phone>
<phone id="การตั้งค่า,settings">ลายนิ้วมือ ใบหน้า และรหัสผ่าน</phone>
<phone id="การตั้งค่า,settings">Game Cube</phone>
<phone id="การตั้งค่า,settings">ทางลัดและการเข้าถึง</phone>
<phone id="การตั้งค่า,settings">การจัดการระบบ</phone>
<phone id="การตั้งค่า,settings">ความปลอดภัยและความเป็นส่วนตัว</phone>
<phone id="การตั้งค่า,settings">ไภพัสไตภัดิจิทัลและการควบคุมโดยผู้ปกครอง</phone>
<phone id="การตั้งค่า,settings">แบตเตอรี่</phone>
<phone id="การตั้งค่า,settings">แอปพลิเคชันและการอนุญาต</phone>
<phone id="การตั้งค่า,settings">Google</phone>
<phone id="การตั้งค่า,settings">บัญชีและการซิงโครไนซ์</phone>
<phone id="การตั้งค่า,settings">การอัปเดตระบบ</phone>
<phone id="การตั้งค่า,settings">โคลนแอพ</phone>
<phone id="การตั้งค่า,settings">สำหรับนักพัฒนาซอฟต์แวร์</phone>
<phone id="การตั้งค่า,settings">ความเป็นส่วนตัว</phone>
<phone id="การตั้งค่า,settings">RAM และพื้นที่สำหรับเก็บข้อมูล</phone>

<phone id="โทรศัพท์และรายชื่อผู้ติดต่อ,contact">การโทร</phone>
<phone id="โทรศัพท์และรายชื่อผู้ติดต่อ,contact">การตั้งค่าการโทร</phone>
<phone id="โทรศัพท์และรายชื่อผู้ติดต่อ,contact">รายชื่อ</phone>
<phone id="โทรศัพท์และรายชื่อผู้ติดต่อ,contact">การปฏิบัติการเพิ่มเติม</phone>
<phone id="โทรศัพท์และรายชื่อผู้ติดต่อ,contact">ข้อความ</phone>

<phone id="แอปบนหน้าจอหลัก,desktop">เครื่องคิดเลข</phone>
<phone id="แอปบนหน้าจอหลัก,desktop">โน้ต</phone>
<phone id="แอปบนหน้าจอหลัก,desktop">เครื่องบันทึก</phone>
<phone id="แอปบนหน้าจอหลัก,desktop">เข็มทิศ</phone>
<phone id="แอปบนหน้าจอหลัก,desktop">ธีม</phone>
<phone id="แอปบนหน้าจอหลัก,desktop">i Manager</phone>
<phone id="แอปบนหน้าจอหลัก,desktop">นาฬิกาปลุก</phone>
<phone id="แอปบนหน้าจอหลัก,desktop">ปฏิทิน</phone>
<phone id="แอปบนหน้าจอหลัก,desktop">i Music</phone>
<phone id="แอปบนหน้าจอหลัก,desktop">พยากรณ์อากาศ</phone>
<phone id="แอปบนหน้าจอหลัก,desktop">EasyShare</phone>
<phone id="แอปบนหน้าจอหลัก,desktop">vivo.com</phone>
<phone id="แอปบนหน้าจอหลัก,desktop">วิดีโอ</phone>
<phone id="แอปบนหน้าจอหลัก,desktop">กล้องถ่ายรูป</phone>
<phone id="แอปบนหน้าจอหลัก,desktop">อัลบั้ม</phone>
<phone id="แอปบนหน้าจอหลัก,desktop">อีเมล</phone>
<phone id="แอปบนหน้าจอหลัก,desktop">เบราว์เซอร์</phone>
<phone id="แอปบนหน้าจอหลัก,desktop">vivoCloud</phone>
<phone id="แอปบนหน้าจอหลัก,desktop">แอป Google</phone>

<phone id="การดูแลรักษาและการเข้ารับบริการ,maintain">เกี่ยวกับการบำรุงรักษา</phone>
<phone id="การดูแลรักษาและการเข้ารับบริการ,maintain">โทรศัพท์และอุปกรณ์เสริม</phone>
<phone id="การดูแลรักษาและการเข้ารับบริการ,maintain">วิธีใช้</phone>
<phone id="การดูแลรักษาและการเข้ารับบริการ,maintain">รูปแบบไฟล์ที่สนับสนุน</phone>
<phone id="การดูแลรักษาและการเข้ารับบริการ,maintain">คำแนะนำการเชื่อมต่อ USB</phone>

<!--
我是跳转配置分割线，以前的内容往上面添加，下面写跳转目录配置。
格式：<skip id="visitmode">设置,访客模式</skip>
visitmode：跳转名称，与说明书开发约定一致即可
设置,访客模式：访客模式的说明书路径
-->
<skip id="usbhelp">การดูแลรักษาและการเข้ารับบริการ,คำแนะนำการเชื่อมต่อ USB</skip>
<skip id="usbdebug">การตั้งค่า,สำหรับนักพัฒนาซอฟต์แวร์</skip>
<skip id="appclone">การตั้งค่า,โคลนแอพ</skip>
</phones>