<!--  
这个为菜单列表，注意编辑的格式!例如：
<phone id="手机概览,overview">手机外观</phone>
1、手机概览：一级标题名称
2、overview：这个为assets下的各个模块文件夹的名称，记住这个值一定要与文件夹的名称对应，不然链接会出错
3、手机外观：二级标题名称
4、手机概览与overview之间的逗号为英文状态下的，请注意
5、各个模块文件夹的html文件一定要按照顺序来命名，即XXX_1到XXX_n来命名，中间不能有断续
-->
<phones>
<phone id="ພາບ​ລວມ ແລະ ຄຳ​ແນະ​ນຳ​ເລີ່ມ​ຕົ້ນ​ໂດຍ​ຫຍໍ້,overview">ການ​ແນະ​ນຳ​ກ່ຽວ​ກັບ​ພາຍນອກ​ຂອ​ງ​ໂທ​ລະ​ສັບ</phone>
<phone id="ພາບ​ລວມ ແລະ ຄຳ​ແນະ​ນຳ​ເລີ່ມ​ຕົ້ນ​ໂດຍ​ຫຍໍ້,overview">​ການ​ຕິດ​ຕັ້ງ ແລະ ການ​ກະ​ກຽມ</phone>
<phone id="ພາບ​ລວມ ແລະ ຄຳ​ແນະ​ນຳ​ເລີ່ມ​ຕົ້ນ​ໂດຍ​ຫຍໍ້,overview">ການລັອກ ແລະ ​ການປົດລັອກ​ໜ້າ​ຈໍ</phone>
<phone id="ພາບ​ລວມ ແລະ ຄຳ​ແນະ​ນຳ​ເລີ່ມ​ຕົ້ນ​ໂດຍ​ຫຍໍ້,overview">​ໄອ​ຄອນແຖບສະຖານະ ແລະການແຈ້ງເຕືອນ</phone>
<phone id="ພາບ​ລວມ ແລະ ຄຳ​ແນະ​ນຳ​ເລີ່ມ​ຕົ້ນ​ໂດຍ​ຫຍໍ້,overview">​ສູນ​ທາງ​ລັດໃນໜ້າຈໍຫຼັກ</phone>
<phone id="ພາບ​ລວມ ແລະ ຄຳ​ແນະ​ນຳ​ເລີ່ມ​ຕົ້ນ​ໂດຍ​ຫຍໍ້,overview">​ການ​ແກ້​ໄຂ​ໜ້າ​ຈໍຫຼັກ</phone>

<phone id="ການ​ຕັ້ງ​ຄ່າ,settings">Wi-Fi</phone>
<phone id="ການ​ຕັ້ງ​ຄ່າ,settings">ເຄືອ​ຂ່າຍ​ມື​ຖື</phone>
<phone id="ການ​ຕັ້ງ​ຄ່າ,settings">ເຄືອ​ຂ່າຍ ແລະ ການ​ເຊື່ອມ​ຕໍ່​ອື່ນ</phone>
<phone id="ການ​ຕັ້ງ​ຄ່າ,settings">ແຖບ​ການ​ແຈ້ງ​ເຕືອນ ແລະ ສະ​ຖາ​ນະ</phone>
<phone id="ການ​ຕັ້ງ​ຄ່າ,settings">ການສະແດງແລະຄວາມແຈ້ງ</phone>
<phone id="ການ​ຕັ້ງ​ຄ່າ,settings">ໜ້າ​​ຈໍ​ຫຼັກ, ໜ້າ​ຈໍ​ລັອກ ແລະ ພາບ​ພື້ນຫຼັງ</phone>
<phone id="ການ​ຕັ້ງ​ຄ່າ,settings">​ເອັບ​ເຝັກ​ແບບ​ໄດ​ນາ​ມິກ</phone>
<phone id="ການ​ຕັ້ງ​ຄ່າ,settings">ສຽງ​ ແລະ ການ​ສັ່ນ​ເຕືອນ</phone>
<phone id="ການ​ຕັ້ງ​ຄ່າ,settings">Jovi</phone>
<phone id="ການ​ຕັ້ງ​ຄ່າ,settings">ການ​ກຳ​ນົດທິດ​ທາງ​ລະ​ບົບ</phone>
<phone id="ການ​ຕັ້ງ​ຄ່າ,settings">ລາຍ​ນິ້ວ​ມື, ໃບ​ໜ້າ ແລະ ລະ​ຫັດ​ຜ່ານ</phone>
<phone id="ການ​ຕັ້ງ​ຄ່າ,settings">ໂໝດເກມ​ພິ​ເສດ</phone>
<phone id="ການ​ຕັ້ງ​ຄ່າ,settings">​ທາງ​ລັດ ແລະ ການ​ຊ່ວຍ​ການ​ເຂົ້າ​ເຖິງ</phone>
<phone id="ການ​ຕັ້ງ​ຄ່າ,settings">​ການ​ຈັດ​ການ​ລະ​ບົບ</phone>
<phone id="ການ​ຕັ້ງ​ຄ່າ,settings">ປອດໄພ</phone>
<phone id="ການ​ຕັ້ງ​ຄ່າ,settings">RAM ແລະພື້ນທີ່ບ່ອນເກັບຂໍ້ມູນ</phone>
<phone id="ການ​ຕັ້ງ​ຄ່າ,settings">ແບັດເຕີຣີ</phone>
<phone id="ການ​ຕັ້ງ​ຄ່າ,settings">​ແອັບ​ພ​ລິ​ເຄ​ຊັນ ແລະ ການ​ອະ​ນຸ​ຍາດ</phone>
<phone id="ການ​ຕັ້ງ​ຄ່າ,settings">​Google</phone>
<phone id="ການ​ຕັ້ງ​ຄ່າ,settings">ບັນ​ຊີ ແລະ ການຊິງຄ໌ໂຄຣໄນ</phone>
<phone id="ການ​ຕັ້ງ​ຄ່າ,settings">ການອັບເດດລະບົບ</phone>
<phone id="ການ​ຕັ້ງ​ຄ່າ,settings">ການລອກແບບແອັບ</phone>
<phone id="ການ​ຕັ້ງ​ຄ່າ,settings">ຕົວເລືອກນັກພັດທະນາ</phone>
<phone id="ການ​ຕັ້ງ​ຄ່າ,settings">ຄວາມເປັນສ່ວນຕົວ</phone>
<phone id="ການ​ຕັ້ງ​ຄ່າ,settings">RAM ແລະພື້ນທີ່ບ່ອນເກັບຂໍ້ມູນ</phone>

<phone id="ໂທລະສັບ ແລະ ຜູ້ຕິດຕໍ່,contact">ການໂທ</phone>
<phone id="ໂທລະສັບ ແລະ ຜູ້ຕິດຕໍ່,contact">ການ​ຕັ້ງ​ຄ່າ​ການ​ໂທ</phone>
<phone id="ໂທລະສັບ ແລະ ຜູ້ຕິດຕໍ່,contact">ຜູ້ຕິດຕໍ່</phone>
<phone id="ໂທລະສັບ ແລະ ຜູ້ຕິດຕໍ່,contact">ການ​ດຳ​ເນີນ​ການ​ເພີ່ມ​ເຕີມ</phone>
<phone id="ໂທລະສັບ ແລະ ຜູ້ຕິດຕໍ່,contact">ຂໍ້ຄວາມ</phone>

<phone id="ແອັບໜ້າຈໍຫຼັກ,desktop">ຈັກຄິດໄລ່</phone>
<phone id="ແອັບໜ້າຈໍຫຼັກ,desktop">ບັນທຶກ</phone>
<phone id="ແອັບໜ້າຈໍຫຼັກ,desktop">ເຄື່ອງບັນທຶກ</phone>
<phone id="ແອັບໜ້າຈໍຫຼັກ,desktop">ເຂັມຊີ້ທິດ</phone>
<phone id="ແອັບໜ້າຈໍຫຼັກ,desktop">i Theme</phone>
<phone id="ແອັບໜ້າຈໍຫຼັກ,desktop">i Manager</phone>
<phone id="ແອັບໜ້າຈໍຫຼັກ,desktop">ໂມງປຸກ</phone>
<phone id="ແອັບໜ້າຈໍຫຼັກ,desktop">ປະຕິທິນ</phone>
<phone id="ແອັບໜ້າຈໍຫຼັກ,desktop">ເພງ</phone>
<phone id="ແອັບໜ້າຈໍຫຼັກ,desktop">ສະພາບອາກາດ</phone>
<phone id="ແອັບໜ້າຈໍຫຼັກ,desktop">EasyShare</phone>
<phone id="ແອັບໜ້າຈໍຫຼັກ,desktop">vivo.com</phone>
<phone id="ແອັບໜ້າຈໍຫຼັກ,desktop">ວິດີໂອ</phone>
<phone id="ແອັບໜ້າຈໍຫຼັກ,desktop">ກ້ອງຖ່າຍຮູບ</phone>
<phone id="ແອັບໜ້າຈໍຫຼັກ,desktop">ອາລະບຳຮູບ</phone>
<phone id="ແອັບໜ້າຈໍຫຼັກ,desktop">ອີເມລ໌</phone>
<phone id="ແອັບໜ້າຈໍຫຼັກ,desktop">ບຣາວເຊີ</phone>
<phone id="ແອັບໜ້າຈໍຫຼັກ,desktop">vivoCloud</phone>
<phone id="ແອັບໜ້າຈໍຫຼັກ,desktop">ແອັບ Google</phone>

<phone id="ການ​ບຳ​ລຸງ​ຮັກ​ສາ ແລະ ການ​ບໍ​ລິ​ການ​ສ້ອມ​ແປງ,maintain">​ກ່ຽວ​ກັບ​ການ​ບຳ​ລຸງ​ຮັກ​ສາ</phone>
<phone id="ການ​ບຳ​ລຸງ​ຮັກ​ສາ ແລະ ການ​ບໍ​ລິ​ການ​ສ້ອມ​ແປງ,maintain">ໂທ​ລະ​ສັບ ແລະ ອຸ​ປະ​ກອນ​ເສີມ</phone>
<phone id="ການ​ບຳ​ລຸງ​ຮັກ​ສາ ແລະ ການ​ບໍ​ລິ​ການ​ສ້ອມ​ແປງ,maintain">ຄວາມຊ່ວຍເຫຼືອ</phone>
<phone id="ການ​ບຳ​ລຸງ​ຮັກ​ສາ ແລະ ການ​ບໍ​ລິ​ການ​ສ້ອມ​ແປງ,maintain">​ຮູບ​ແບບ​ໄຟ​ລ໌​ທີ່​ຮອງ​ຮັບ</phone>
<phone id="ການ​ບຳ​ລຸງ​ຮັກ​ສາ ແລະ ການ​ບໍ​ລິ​ການ​ສ້ອມ​ແປງ,maintain">ຄຳ​ແນະ​ນຳ​​ກ່ຽວ​ກັບການ​ເຊື່ອມ​ຕໍ່ USB</phone>

<!--
我是跳转配置分割线，以前的内容往上面添加，下面写跳转目录配置。
格式：<skip id="visitmode">设置,访客模式</skip>
visitmode：跳转名称，与说明书开发约定一致即可
设置,访客模式：访客模式的说明书路径
-->
<skip id="usbhelp">ການ​ບຳ​ລຸງ​ຮັກ​ສາ ແລະ ການ​ບໍ​ລິ​ການ​ສ້ອມ​ແປງ,ຄຳ​ແນະ​ນຳ​​ກ່ຽວ​ກັບການ​ເຊື່ອມ​ຕໍ່ USB</skip>
<skip id="usbdebug">ການ​ຕັ້ງ​ຄ່າ,ຕົວເລືອກນັກພັດທະນາ</skip>
<skip id="appclone">ການ​ຕັ້ງ​ຄ່າ,ການລອກແບບແອັບ</skip>
</phones>