
<!--
这个为菜单列表，注意编辑的格式!例如：
<phone id="手机概览,overview">手机外观</phone>
1、手机概览：一级标题名称
2、overview：这个为assets下的各个模块文件夹的名称，记住这个值一定要与文件夹的名称对应，不然链接会出错
3、手机外观：二级标题名称
4、手机概览与overview之间的逗号为英文状态下的，请注意
5、各个模块文件夹的html文件一定要按照顺序来命名，即XXX_1到XXX_n来命名，中间不能有断续
--><phones>
<phone id="ओवरव्यू और त्वरीत प्रारंभ मार्गदर्शिका,overview">फ़ोन के बाह्य भाग का परिचय</phone>
<phone id="ओवरव्यू और त्वरीत प्रारंभ मार्गदर्शिका,overview">स्थापना और तैयारी</phone>
<phone id="ओवरव्यू और त्वरीत प्रारंभ मार्गदर्शिका,overview">स्क्रीन लॉक और अनलॉक करना</phone>
<phone id="ओवरव्यू और त्वरीत प्रारंभ मार्गदर्शिका,overview">स्टेटस बार आइकन और नोटिफ़िकेशन</phone>
<phone id="ओवरव्यू और त्वरीत प्रारंभ मार्गदर्शिका,overview">होम स्क्रीन पर शॉर्टकट सेंटर</phone>
<phone id="ओवरव्यू और त्वरीत प्रारंभ मार्गदर्शिका,overview">होम स्क्रीन संपादन</phone>

<phone id="सेटिंग,settings">Wi-Fi</phone>
<phone id="सेटिंग,settings">मोबाइल नेटवर्क</phone>
<phone id="सेटिंग,settings">अन्य नेटवर्क और कनेक्शन</phone>
<phone id="सेटिंग,settings">नोटिफ़िकेशन और स्थिति पट्टी</phone>
<phone id="सेटिंग,settings">प्रदर्शन और चमक</phone>
<phone id="सेटिंग,settings">होम स्क्रीन, लॉक स्क्रीन और वॉलपेपर</phone>
<phone id="सेटिंग,settings">डायनेमिक प्रभाव</phone>
<phone id="सेटिंग,settings">ध्वनि और कंपन</phone>
<phone id="सेटिंग,settings">Jovi</phone>
<phone id="सेटिंग,settings">सिस्टम नैविगेशन</phone>
<phone id="सेटिंग,settings">फ़िंगरप्रिंट, चेहरा और पासवर्ड</phone>
<phone id="सेटिंग,settings">अल्ट्रा गेग मोड</phone>
<phone id="सेटिंग,settings">शॉर्टकट और पहुंच योग्यता</phone>
<phone id="सेटिंग,settings">सिस्टम प्रबंधन</phone>
<phone id="सेटिंग,settings">सुरक्षा</phone>
<phone id="सेटिंग,settings">डिजिटल वेलबीइंग और माता-पिता के नियंत्रण</phone>
<phone id="सेटिंग,settings">बैटरी</phone>
<phone id="सेटिंग,settings">ऐप्लिकेशन और अनुमतियां</phone>
<phone id="सेटिंग,settings">Google</phone>
<phone id="सेटिंग,settings">खाता और सिंक्रोनाइज़ेशन</phone>
<phone id="सेटिंग,settings">सिस्टम अपडेट</phone>
<phone id="सेटिंग,settings">एप्लिकेशन क्लोन</phone>
<phone id="सेटिंग,settings">डेवलपर के विकल्प</phone>
<phone id="सेटिंग,settings">निजता</phone>
<phone id="सेटिंग,settings">RAM और संग्रहण स्‍थान</phone>

<phone id="फ़ोन और संपर्क,contact">कॉल</phone>
<phone id="फ़ोन और संपर्क,contact">कॉल सेटिंग्स</phone>
<phone id="फ़ोन और संपर्क,contact">संपर्क</phone>
<phone id="फ़ोन और संपर्क,contact">अधिक संचालन</phone>
<phone id="फ़ोन और संपर्क,contact">संदेश</phone>

<phone id="होम स्क्रीन ऐप्स,desktop">कैल्कुलेटर</phone>
<phone id="होम स्क्रीन ऐप्स,desktop">नोट</phone>
<phone id="होम स्क्रीन ऐप्स,desktop">रिकॉर्डर</phone>
<phone id="होम स्क्रीन ऐप्स,desktop">कंपास</phone>
<phone id="होम स्क्रीन ऐप्स,desktop">थीग्स</phone>
<phone id="होम स्क्रीन ऐप्स,desktop">iManager</phone>
<phone id="होम स्क्रीन ऐप्स,desktop">घड़ी</phone>
<phone id="होम स्क्रीन ऐप्स,desktop">कैलेंडर</phone>
<phone id="होम स्क्रीन ऐप्स,desktop">म्यूज़िक</phone>
<phone id="होम स्क्रीन ऐप्स,desktop">मौसम</phone>
<phone id="होम स्क्रीन ऐप्स,desktop">EasyShare</phone>
<phone id="होम स्क्रीन ऐप्स,desktop">vivo.com</phone>
<phone id="होम स्क्रीन ऐप्स,desktop">वीडियो</phone>
<phone id="होम स्क्रीन ऐप्स,desktop">कैमरा</phone>
<phone id="होम स्क्रीन ऐप्स,desktop">अलबम</phone>
<phone id="होम स्क्रीन ऐप्स,desktop">ईमेल</phone>
<phone id="होम स्क्रीन ऐप्स,desktop">ब्राउज़र</phone>
<phone id="होम स्क्रीन ऐप्स,desktop">vivoCloud</phone>
<phone id="होम स्क्रीन ऐप्स,desktop">Google ऐप्स</phone>

<phone id="रखरखाव और सर्विसिंग,maintain">रखरखाव के बारे में</phone>
<phone id="रखरखाव और सर्विसिंग,maintain">फ़ोन और एक्सेसरीज़</phone>
<phone id="रखरखाव और सर्विसिंग,maintain">सहायता</phone>
<phone id="रखरखाव और सर्विसिंग,maintain">समर्थित फ़ाइल फ़ॉर्मेट</phone>
<phone id="रखरखाव और सर्विसिंग,maintain">USB कनेक्ट करने के बारे में निर्देश</phone>

<!--
我是跳转配置分割线，以前的内容往上面添加，下面写跳转目录配置。
格式：<skip id="visitmode">设置,访客模式</skip>
visitmode：跳转名称，与说明书开发约定一致即可
设置,访客模式：访客模式的说明书路径
-->
<skip id="usbhelp">रखरखाव और सर्विसिंग,USB कनेक्ट करने के बारे में निर्देश</skip>
<skip id="usbdebug">सेटिंग,डेवलपर के विकल्प</skip>
<skip id="appclone">सेटिंग,एप्लिकेशन क्लोन</skip>
</phones>