
<!--  
这个为菜单列表，注意编辑的格式!例如：
<phone id="手机概览,overview">手机外观</phone>
1、手机概览：一级标题名称
2、overview：这个为assets下的各个模块文件夹的名称，记住这个值一定要与文件夹的名称对应，不然链接会出错
3、手机外观：二级标题名称
4、手机概览与overview之间的逗号为英文状态下的，请注意
5、各个模块文件夹的html文件一定要按照顺序来命名，即XXX_1到XXX_n来命名，中间不能有断续
--><phones>
<phone id="Огляд і короткий посібник користувача,overview">Зовнішній вигляд телефона</phone>
<phone id="Огляд і короткий посібник користувача,overview">Налаштування й підготовка до роботи</phone>
<phone id="Огляд і короткий посібник користувача,overview">Блокування й розблокування екрана</phone>
<phone id="Огляд і короткий посібник користувача,overview">Значки й сповіщення на рядку стану</phone>
<phone id="Огляд і короткий посібник користувача,overview">Центр швидких команд на головному екрані</phone>
<phone id="Огляд і короткий посібник користувача,overview">Редагування головного екрана</phone>

<phone id="Налаштування,settings">Wi-Fi</phone>
<phone id="Налаштування,settings">Мобільна мережа</phone>
<phone id="Налаштування,settings">Інші мережі й підключення</phone>
<phone id="Налаштування,settings">Панель сповіщень і стану</phone>
<phone id="Налаштування,settings">Екран і яскравість</phone>
<phone id="Налаштування,settings">Головний екран, екран блокування та шпалери</phone>
<phone id="Налаштування,settings">Динамічні ефекти</phone>
<phone id="Налаштування,settings">Звук і вібрація</phone>
<phone id="Налаштування,settings">Jovi</phone>
<phone id="Налаштування,settings">Навігація системою</phone>
<phone id="Налаштування,settings">Розпізнавання обличчя й відбитка пальця та введення пароля</phone>
<phone id="Налаштування,settings">ультраігровий режим</phone>
<phone id="Налаштування,settings">Швидкі команди та спеціальні можливості</phone>
<phone id="Налаштування,settings">Системне керування</phone>
<phone id="Налаштування,settings">Безпека</phone>
<phone id="Налаштування,settings">Цифровий добробут i батьківський контроль</phone>
<phone id="Налаштування,settings">Акумулятор</phone>
<phone id="Налаштування,settings">Програми й дозволи</phone>
<phone id="Налаштування,settings">Google</phone>
<phone id="Налаштування,settings">Обліковий запис і синхронізація</phone>
<phone id="Налаштування,settings">Оновлення системи</phone>
<phone id="Налаштування,settings">Клонування програм</phone>
<phone id="Налаштування,settings">Опції для розробників</phone>
<phone id="Налаштування,settings">Конфіденційність</phone>
<phone id="Налаштування,settings">RAM та обсяг пам’яті</phone>

<phone id="Телефон і контакти,contact">Виклики</phone>
<phone id="Телефон і контакти,contact">Налаштування викликів</phone>
<phone id="Телефон і контакти,contact">Контакти</phone>
<phone id="Телефон і контакти,contact">Додаткові операції</phone>
<phone id="Телефон і контакти,contact">Повідомлення</phone>

<phone id="Програми на головному екрані,desktop">Калькулятор</phone>
<phone id="Програми на головному екрані,desktop">Нотатки</phone>
<phone id="Програми на головному екрані,desktop">Диктофон</phone>
<phone id="Програми на головному екрані,desktop">Компас</phone>
<phone id="Програми на головному екрані,desktop">Теми</phone>
<phone id="Програми на головному екрані,desktop">iManager</phone>
<phone id="Програми на головному екрані,desktop">Годинник</phone>
<phone id="Програми на головному екрані,desktop">Календар</phone>
<phone id="Програми на головному екрані,desktop">Музика</phone>
<phone id="Програми на головному екрані,desktop">Погода</phone>
<phone id="Програми на головному екрані,desktop">EasyShare</phone>
<phone id="Програми на головному екрані,desktop">vivo.com</phone>
<phone id="Програми на головному екрані,desktop">Відео</phone>
<phone id="Програми на головному екрані,desktop">Камера</phone>
<phone id="Програми на головному екрані,desktop">Альбоми</phone>
<phone id="Програми на головному екрані,desktop">Ел. пошта</phone>
<phone id="Програми на головному екрані,desktop">Браузер</phone>
<phone id="Програми на головному екрані,desktop">vivoCloud</phone>
<phone id="Програми на головному екрані,desktop">Програми Google</phone>

<phone id="Обслуговування,maintain">Про технічне обслуговування</phone>
<phone id="Обслуговування,maintain">Телефон та аксесуари</phone>
<phone id="Обслуговування,maintain">Допомога</phone>
<phone id="Обслуговування,maintain">Формати файлів, що підтримуються</phone>
<phone id="Обслуговування,maintain">Інструкції з підключення через USB</phone>

<!--
我是跳转配置分割线，以前的内容往上面添加，下面写跳转目录配置。
格式：<skip id="visitmode">设置,访客模式</skip>
visitmode：跳转名称，与说明书开发约定一致即可
设置,访客模式：访客模式的说明书路径
-->
<skip id="usbhelp">Обслуговування,Інструкції з підключення через USB</skip>
<skip id="usbdebug">Налаштування,Опції для розробників</skip>
<skip id="appclone">Налаштування,Клонування програм</skip>
</phones>