<!--  
这个为菜单列表，注意编辑的格式!例如：
<phone id="手机概览,overview">手机外观</phone>
1、手机概览：一级标题名称
2、overview：这个为assets下的各个模块文件夹的名称，记住这个值一定要与文件夹的名称对应，不然链接会出错
3、手机外观：二级标题名称
4、手机概览与overview之间的逗号为英文状态下的，请注意
5、各个模块文件夹的html文件一定要按照顺序来命名，即XXX_1到XXX_n来命名，中间不能有断续
-->
<phones>
<phone id="手机概览与快速入门,overview">手机外观简介</phone>
<phone id="手机概览与快速入门,overview">安装与准备</phone>
<phone id="手机概览与快速入门,overview">屏幕锁定和解锁</phone>
<phone id="手机概览与快速入门,overview">状态栏图标和通知</phone>
<phone id="手机概览与快速入门,overview">桌面快捷中心</phone>
<phone id="手机概览与快速入门,overview">桌面编辑</phone>

<phone id="设置,settings">Wi-Fi</phone>
<phone id="设置,settings">移动网络</phone>
<phone id="设置,settings">其他网络与连接</phone>
<phone id="设置,settings">通知与状态栏</phone>
<phone id="设置,settings">显示与亮度</phone>
<phone id="设置,settings">桌面、锁屏与壁纸</phone>
<phone id="设置,settings">动态效果</phone>
<phone id="设置,settings">声音与振动</phone>
<phone id="设置,settings">Jovi</phone>
<phone id="设置,settings">系统导航</phone>
<phone id="设置,settings">指纹、面部与密码</phone>
<phone id="设置,settings">游戏魔盒</phone>
<phone id="设置,settings">快捷与辅助</phone>
<phone id="设置,settings">系统管理</phone>
<phone id="设置,settings">安全</phone>
<phone id="设置,settings">数字健康与家长控制</phone>
<phone id="设置,settings">电池</phone>
<phone id="设置,settings">应用与权限</phone>
<phone id="设置,settings">Google</phone>
<phone id="设置,settings">帐号与同步</phone>
<phone id="设置,settings">系统升级</phone>
<phone id="设置,settings">应用分身</phone>
<phone id="设置,settings">开发者选项</phone>
<phone id="设置,settings">隐私</phone>
<phone id="设置,settings">运存与存储空间</phone>

<phone id="电话与联系人,contact">通话</phone>
<phone id="电话与联系人,contact">通话设置</phone>
<phone id="电话与联系人,contact">联系人</phone>
<phone id="电话与联系人,contact">更多操作</phone>
<phone id="电话与联系人,contact">信息</phone>

<phone id="桌面应用,desktop">计算器</phone>
<phone id="桌面应用,desktop">便签</phone>
<phone id="桌面应用,desktop">录音机</phone>
<phone id="桌面应用,desktop">指南针</phone>
<phone id="桌面应用,desktop">i主题</phone>
<phone id="桌面应用,desktop">i管家</phone>
<phone id="桌面应用,desktop">闹钟时钟</phone>
<phone id="桌面应用,desktop">日历</phone>
<phone id="桌面应用,desktop">i音乐</phone>
<phone id="桌面应用,desktop">天气</phone>
<phone id="桌面应用,desktop">互传</phone>
<phone id="桌面应用,desktop">vivo.com</phone>
<phone id="桌面应用,desktop">视频</phone>
<phone id="桌面应用,desktop">相机</phone>
<phone id="桌面应用,desktop">相册</phone>
<phone id="桌面应用,desktop">电子邮件</phone>
<phone id="桌面应用,desktop">浏览器</phone>
<phone id="桌面应用,desktop">vivoCloud</phone>
<phone id="桌面应用,desktop">Google类应用</phone>

<phone id="手机维护与保养,maintain">关于维护与保养</phone>
<phone id="手机维护与保养,maintain">手机及配件</phone>
<phone id="手机维护与保养,maintain">帮助</phone>
<phone id="手机维护与保养,maintain">支持的文件格式</phone>
<phone id="手机维护与保养,maintain">USB连接说明</phone>

<!--
我是跳转配置分割线，以前的内容往上面添加，下面写跳转目录配置。
格式：<skip id="visitmode">设置,访客模式</skip>
visitmode：跳转名称，与说明书开发约定一致即可
设置,访客模式：访客模式的说明书路径
-->
<skip id="usbhelp">手机维护与保养,USB连接说明</skip>
<skip id="usbdebug">设置,开发者选项</skip>
<skip id="appclone">设置,应用分身</skip>
</phones>
