<!--  
这个为菜单列表，注意编辑的格式!例如：
<phone id="手机概览,overview">手机外观</phone>
1、手机概览：一级标题名称
2、overview：这个为assets下的各个模块文件夹的名称，记住这个值一定要与文件夹的名称对应，不然链接会出错
3、手机外观：二级标题名称
4、手机概览与overview之间的逗号为英文状态下的，请注意
5、各个模块文件夹的html文件一定要按照顺序来命名，即XXX_1到XXX_n来命名，中间不能有断续
-->
<phones>
<phone id="Przegląd i skrócona instrukcja obsługi,overview">Informacje o wyglądzie zewnętrznym telefonu</phone>
<phone id="Przegląd i skrócona instrukcja obsługi,overview">Instalacja i przygotowanie</phone>
<phone id="Przegląd i skrócona instrukcja obsługi,overview">Blokowanie i odblokowywanie ekranu</phone>
<phone id="Przegląd i skrócona instrukcja obsługi,overview">Ikony i powiadomienia na pasku stanu</phone>
<phone id="Przegląd i skrócona instrukcja obsługi,overview">Centrum skrótów na ekranie głównym</phone>
<phone id="Przegląd i skrócona instrukcja obsługi,overview">Изменение начального экрана</phone>

<phone id="Ustawienia,settings">Wi-Fi</phone>
<phone id="Ustawienia,settings">Sieć komórkowa</phone>
<phone id="Ustawienia,settings">Inne sieci i połączenia</phone>
<phone id="Ustawienia,settings">Pasek powiadomień i stanu</phone>
<phone id="Ustawienia,settings">Wyświetlacz i jasność</phone>
<phone id="Ustawienia,settings">Ekran główny, ekran blokady oraz tapeta</phone>
<phone id="Ustawienia,settings">Efekty dynamiczne</phone>
<phone id="Ustawienia,settings">Dźwięk i wibracje</phone>
<phone id="Ustawienia,settings">Jovi</phone>
<phone id="Ustawienia,settings">Nawigacja systemowa</phone>
<phone id="Ustawienia,settings">Rozpoznawanie odcisku palca i twarzy oraz hasło</phone>
<phone id="Ustawienia,settings">Tryb ultragry</phone>
<phone id="Ustawienia,settings">Skróty i ułatwienia dostępu</phone>
<phone id="Ustawienia,settings">Zarządzanie systemem</phone>
<phone id="Ustawienia,settings">Bezpiecznie</phone>
<phone id="Ustawienia,settings">Cyfrowa równowaga i kontrola rodzicielska</phone>
<phone id="Ustawienia,settings">Bateria</phone>
<phone id="Ustawienia,settings">Aplikacje i uprawnienia</phone>
<phone id="Ustawienia,settings">Google</phone>
<phone id="Ustawienia,settings">Konto i synchronizacja</phone>
<phone id="Ustawienia,settings">Aktualizacja systemu</phone>
<phone id="Ustawienia,settings">Duplikowanie aplikacji</phone>
<phone id="Ustawienia,settings">Opcje programistyczne</phone>
<phone id="Ustawienia,settings">Prywatność</phone>
<phone id="Ustawienia,settings">Pamięć RAM i pamięć masowa</phone>

<phone id="Telefon i kontakty,contact">Połączenia</phone>
<phone id="Telefon i kontakty,contact">Ustawienia połączeń</phone>
<phone id="Telefon i kontakty,contact">Kontakty</phone>
<phone id="Telefon i kontakty,contact">Więcej operacji</phone>
<phone id="Telefon i kontakty,contact">Wiadomości</phone>

<phone id="Aplikacje komputerowe,desktop">Kalkulator</phone>
<phone id="Aplikacje komputerowe,desktop">Notatki</phone>
<phone id="Aplikacje komputerowe,desktop">Dyktafon</phone>
<phone id="Aplikacje komputerowe,desktop">Kompas</phone>
<phone id="Aplikacje komputerowe,desktop">Motywy</phone>
<phone id="Aplikacje komputerowe,desktop">i Manager</phone>
<phone id="Aplikacje komputerowe,desktop">Zegar</phone>
<phone id="Aplikacje komputerowe,desktop">Kalendarz</phone>
<phone id="Aplikacje komputerowe,desktop">Muzyka</phone>
<phone id="Aplikacje komputerowe,desktop">Pogoda</phone>
<phone id="Aplikacje komputerowe,desktop">EasyShare</phone>
<phone id="Aplikacje komputerowe,desktop">vivo.com</phone>
<phone id="Aplikacje komputerowe,desktop">Wideo</phone>
<phone id="Aplikacje komputerowe,desktop">Aparat</phone>
<phone id="Aplikacje komputerowe,desktop">Zdjęcia</phone>
<phone id="Aplikacje komputerowe,desktop">E-mail</phone>
<phone id="Aplikacje komputerowe,desktop">Przeglądarka</phone>
<phone id="Aplikacje komputerowe,desktop">VivoCloud</phone>
<phone id="Aplikacje komputerowe,desktop">Aplikacje Google</phone>

<phone id="Konserwacja i serwis,maintain">Konserwacja</phone>
<phone id="Konserwacja i serwis,maintain">Telefon i akcesoria</phone>
<phone id="Konserwacja i serwis,maintain">Pomoc</phone>
<phone id="Konserwacja i serwis,maintain">Obsługiwane formaty plików</phone>
<phone id="Konserwacja i serwis,maintain">Instrukcja połączenia USB</phone>

<!--
我是跳转配置分割线，以前的内容往上面添加，下面写跳转目录配置。
格式：<skip id="visitmode">设置,访客模式</skip>
visitmode：跳转名称，与说明书开发约定一致即可
设置,访客模式：访客模式的说明书路径
-->
<skip id="usbhelp">Konserwacja i serwis,Instrukcja połączenia USB</skip>
<skip id="usbdebug">Ustawienia,Opcje programistyczne</skip>
<skip id="appclone">Ustawienia,Duplikowanie aplikacji</skip>
</phones>
