<!--  
这个为菜单列表，注意编辑的格式!例如：
<phone id="手机概览,overview">手机外观</phone>
1、手机概览：一级标题名称
2、overview：这个为assets下的各个模块文件夹的名称，记住这个值一定要与文件夹的名称对应，不然链接会出错
3、手机外观：二级标题名称
4、手机概览与overview之间的逗号为英文状态下的，请注意
5、各个模块文件夹的html文件一定要按照顺序来命名，即XXX_1到XXX_n来命名，中间不能有断续
-->
<phones>
<phone id="Tổng quan và hướng dẫn bắt đầu nhanh,overview">Giới thiệu về hình dáng bên ngoài của điện thoại</phone>
<phone id="Tổng quan và hướng dẫn bắt đầu nhanh,overview">Cài đặt và chuẩn bị</phone>
<phone id="Tổng quan và hướng dẫn bắt đầu nhanh,overview">Khóa màn hình và mở khóa</phone>
<phone id="Tổng quan và hướng dẫn bắt đầu nhanh,overview">Các biểu tượng và thông báo của thanh trạng thái</phone>
<phone id="Tổng quan và hướng dẫn bắt đầu nhanh,overview">Trung tâm lối tắt trên màn hình chính</phone>
<phone id="Tổng quan và hướng dẫn bắt đầu nhanh,overview">Sửa màn hình chính</phone>

<phone id="Cài đặt,settings">Wi-Fi</phone>
<phone id="Cài đặt,settings">Mạng di động</phone>
<phone id="Cài đặt,settings">Các mạng và kết nối khác</phone>
<phone id="Cài đặt,settings">Thanh thông báo và trạng thái</phone>
<phone id="Cài đặt,settings">Hiển thị và độ sáng</phone>
<phone id="Cài đặt,settings">Màn hình chính, màn hình khóa và hình nền</phone>
<phone id="Cài đặt,settings">Hiệu ứng động</phone>
<phone id="Cài đặt,settings">Âm thanh và rung</phone>
<phone id="Cài đặt,settings">Jovi</phone>
<phone id="Cài đặt,settings">Điều hướng hệ thống</phone>
<phone id="Cài đặt,settings">Dấu vân tay, khuôn mặt và mật khẩu</phone>
<phone id="Cài đặt,settings">Chế độ siêu trò chơi</phone>
<phone id="Cài đặt,settings">Lối tắt và trợ năng</phone>
<phone id="Cài đặt,settings">Quản lý hệ thống</phone>
<phone id="Cài đặt,settings">Bảo mật</phone>
<phone id="Cài đặt,settings">Digital Wellbeing và quyền kiểm soát của cha mẹ</phone>
<phone id="Cài đặt,settings">Pin</phone>
<phone id="Cài đặt,settings">Ứng dụng và quyền</phone>
<phone id="Cài đặt,settings">Google</phone>
<phone id="Cài đặt,settings">Tài khoản và đồng bộ</phone>
<phone id="Cài đặt,settings">Bản cập nhật hệ thống</phone>
<phone id="Cài đặt,settings">Nhân bản ứng dụng</phone>
<phone id="Cài đặt,settings">Tùy chọn nhà phát triển</phone>
<phone id="Cài đặt,settings">Quyền riêng tư</phone>
<phone id="Cài đặt,settings">RAM và không gian lưu trữ</phone>

<phone id="Điện thoại và danh bạ,contact">Đang gọi</phone>
<phone id="Điện thoại và danh bạ,contact">Cài đặt cuộc gọi</phone>
<phone id="Điện thoại và danh bạ,contact">Danh bạ</phone>
<phone id="Điện thoại và danh bạ,contact">Các thao tác khác</phone>
<phone id="Điện thoại và danh bạ,contact">Tin nhắn</phone>

<phone id="Ứng dụng trên màn hình chính,desktop">Máy tính</phone>
<phone id="Ứng dụng trên màn hình chính,desktop">Ghi chú</phone>
<phone id="Ứng dụng trên màn hình chính,desktop">Ghi âm</phone>
<phone id="Ứng dụng trên màn hình chính,desktop">La bàn</phone>
<phone id="Ứng dụng trên màn hình chính,desktop">Chủ đề</phone>
<phone id="Ứng dụng trên màn hình chính,desktop">i Manager</phone>
<phone id="Ứng dụng trên màn hình chính,desktop">Đồng hồ</phone>
<phone id="Ứng dụng trên màn hình chính,desktop">Lịch</phone>
<phone id="Ứng dụng trên màn hình chính,desktop">Nhạc</phone>
<phone id="Ứng dụng trên màn hình chính,desktop">Thời tiết</phone>
<phone id="Ứng dụng trên màn hình chính,desktop">EasyShare</phone>
<phone id="Ứng dụng trên màn hình chính,desktop">vivo.com</phone>
<phone id="Ứng dụng trên màn hình chính,desktop">Video</phone>
<phone id="Ứng dụng trên màn hình chính,desktop">Máy ảnh</phone>
<phone id="Ứng dụng trên màn hình chính,desktop">Album</phone>
<phone id="Ứng dụng trên màn hình chính,desktop">Email</phone>
<phone id="Ứng dụng trên màn hình chính,desktop">Trình duyệt</phone>
<phone id="Ứng dụng trên màn hình chính,desktop">vivoCloud</phone>
<phone id="Ứng dụng trên màn hình chính,desktop">Ứng dụng Google</phone>

<phone id="Bảo trì và bảo dưỡng,maintain">Giới thiệu về bảo trì</phone>
<phone id="Bảo trì và bảo dưỡng,maintain">Điện thoại và phụ kiện</phone>
<phone id="Bảo trì và bảo dưỡng,maintain">Trợ giúp</phone>
<phone id="Bảo trì và bảo dưỡng,maintain">Các định dạng tệp được hỗ trợ</phone>
<phone id="Bảo trì và bảo dưỡng,maintain">Giới thiệu về kết nối USB</phone>

<!--
我是跳转配置分割线，以前的内容往上面添加，下面写跳转目录配置。
格式：<skip id="visitmode">设置,访客模式</skip>
visitmode：跳转名称，与说明书开发约定一致即可
设置,访客模式：访客模式的说明书路径
-->
<skip id="usbhelp">Bảo trì và bảo dưỡng,Giới thiệu về kết nối USB</skip>
<skip id="usbdebug">Cài đặt,Tùy chọn nhà phát triển</skip>
<skip id="appclone">Cài đặt,Nhân bản ứng dụng</skip>
</phones>
