<!--  
这个为菜单列表，注意编辑的格式!例如：
<phone id="手机概览,overview">手机外观</phone>
1、手机概览：一级标题名称
2、overview：这个为assets下的各个模块文件夹的名称，记住这个值一定要与文件夹的名称对应，不然链接会出错
3、手机外观：二级标题名称
4、手机概览与overview之间的逗号为英文状态下的，请注意
5、各个模块文件夹的html文件一定要按照顺序来命名，即XXX_1到XXX_n来命名，中间不能有断续
-->
<phones>
<phone id="Ikhtisar dan Panduan mulai cepat,overview">Pengantar eksterior telepon</phone>
<phone id="Ikhtisar dan Panduan mulai cepat,overview">Pemasangan dan Persiapan</phone>
<phone id="Ikhtisar dan Panduan mulai cepat,overview">Kunci layar dan buka kunci</phone>
<phone id="Ikhtisar dan Panduan mulai cepat,overview">Ikon bilah status dan pemberitahuan</phone>
<phone id="Ikhtisar dan Panduan mulai cepat,overview">Pusat Pintasan di layar beranda</phone>
<phone id="Ikhtisar dan Panduan mulai cepat,overview">Pengeditan layar beranda</phone>

<phone id="Pengaturan,settings">Wi-Fi</phone>
<phone id="Pengaturan,settings">Jaringan seluler</phone>
<phone id="Pengaturan,settings">Jaringan dan Koneksi Lainnya</phone>
<phone id="Pengaturan,settings">Bilah notifikasi dan status</phone>
<phone id="Pengaturan,settings">Tampilan dan Kecerahan</phone>
<phone id="Pengaturan,settings">Layar beranda, layar kunci, dan wallpaper</phone>
<phone id="Pengaturan,settings">Efek Dinamis</phone>
<phone id="Pengaturan,settings">Bunyi dan getar</phone>
<phone id="Pengaturan,settings">Jovi</phone>
<phone id="Pengaturan,settings">Navigasi sistem</phone>
<phone id="Pengaturan,settings">Sidik jari, wajah, dan kata sandi</phone>
<phone id="Pengaturan,settings">Mode Game Ultra</phone>
<phone id="Pengaturan,settings">Pintasan dan Aksesibilitas</phone>
<phone id="Pengaturan,settings">Pengelolaan sistem</phone>
<phone id="Pengaturan,settings">Keamanan</phone>
<phone id="Pengaturan,settings">Kesehatan Digital &amp; kontrol orang tua</phone>
<phone id="Pengaturan,settings">Baterai</phone>
<phone id="Pengaturan,settings">Aplikasi dan Izin</phone>
<phone id="Pengaturan,settings">Google</phone>
<phone id="Pengaturan,settings">Akun dan sinkronisasi</phone>
<phone id="Pengaturan,settings">Pembaruan sistem</phone>
<phone id="Pengaturan,settings">Kloning aplikasi</phone>
<phone id="Pengaturan,settings">Opsi pengembang</phone>
<phone id="Pengaturan,settings">Privasi</phone>
<phone id="Pengaturan,settings">RAM dan ruang penyimpanan</phone>

<phone id="Telepon dan Kontak,contact">Memanggil</phone>
<phone id="Telepon dan Kontak,contact">Pengaturan Panggilan</phone>
<phone id="Telepon dan Kontak,contact">Kontak</phone>
<phone id="Telepon dan Kontak,contact">Operasi lainnya</phone>
<phone id="Telepon dan Kontak,contact">Pesan</phone>

<phone id="Aplikasi layar beranda,desktop">Kalkulator</phone>
<phone id="Aplikasi layar beranda,desktop">Catatan</phone>
<phone id="Aplikasi layar beranda,desktop">Perekam</phone>
<phone id="Aplikasi layar beranda,desktop">Kompas</phone>
<phone id="Aplikasi layar beranda,desktop">Tema</phone>
<phone id="Aplikasi layar beranda,desktop">i Manager</phone>
<phone id="Aplikasi layar beranda,desktop">Jam</phone>
<phone id="Aplikasi layar beranda,desktop">Kalender</phone>
<phone id="Aplikasi layar beranda,desktop">Musik</phone>
<phone id="Aplikasi layar beranda,desktop">Cuaca</phone>
<phone id="Aplikasi layar beranda,desktop">EasyShare</phone>
<phone id="Aplikasi layar beranda,desktop">vivo.com</phone>
<phone id="Aplikasi layar beranda,desktop">Video</phone>
<phone id="Aplikasi layar beranda,desktop">Kamera</phone>
<phone id="Aplikasi layar beranda,desktop">Album</phone>
<phone id="Aplikasi layar beranda,desktop">Email</phone>
<phone id="Aplikasi layar beranda,desktop">Browser</phone>
<phone id="Aplikasi layar beranda,desktop">vivoCloud</phone>
<phone id="Aplikasi layar beranda,desktop">Aplikasi Google</phone>

<phone id="Perawatan dan pelayanan,maintain">Tentang perawatan</phone>
<phone id="Perawatan dan pelayanan,maintain">Telepon dan aksesori</phone>
<phone id="Perawatan dan pelayanan,maintain">Bantuan</phone>
<phone id="Perawatan dan pelayanan,maintain">Format file yang didukung</phone>
<phone id="Perawatan dan pelayanan,maintain">Petunjuk sambungan USB</phone>

<!--
我是跳转配置分割线，以前的内容往上面添加，下面写跳转目录配置。
格式：<skip id="visitmode">设置,访客模式</skip>
visitmode：跳转名称，与说明书开发约定一致即可
设置,访客模式：访客模式的说明书路径
-->
<skip id="usbhelp">Perawatan dan pelayanan,Petunjuk sambungan USB</skip>
<skip id="usbdebug">Pengaturan,Opsi pengembang</skip>
<skip id="appclone">Pengaturan,Kloning aplikasi</skip>
</phones>