<!--  
这个为菜单列表，注意编辑的格式!例如：
<phone id="手机概览,overview">手机外观</phone>
1、手机概览：一级标题名称
2、overview：这个为assets下的各个模块文件夹的名称，记住这个值一定要与文件夹的名称对应，不然链接会出错
3、手机外观：二级标题名称
4、手机概览与overview之间的逗号为英文状态下的，请注意
5、各个模块文件夹的html文件一定要按照顺序来命名，即XXX_1到XXX_n来命名，中间不能有断续
-->
<phones>
<phone id="手機概覽與快速入門,overview">手機外觀簡介</phone>
<phone id="手機概覽與快速入門,overview">安裝與準備</phone>
<phone id="手機概覽與快速入門,overview">螢幕鎖定和解鎖</phone>
<phone id="手機概覽與快速入門,overview">狀態列圖示和通知</phone>
<phone id="手機概覽與快速入門,overview">桌面捷徑中心</phone>
<phone id="手機概覽與快速入門,overview">桌面編輯</phone>

<phone id="設定,settings">Wi-Fi</phone>
<phone id="設定,settings">行動網路</phone>
<phone id="設定,settings">其他網路與連線</phone>
<phone id="設定,settings">通知與狀態列</phone>
<phone id="設定,settings">顯示與亮度</phone>
<phone id="設定,settings">桌面、鎖定螢幕與桌布</phone>
<phone id="設定,settings">動態效果</phone>
<phone id="設定,settings">聲音與震動</phone>
<phone id="設定,settings">Jovi</phone>
<phone id="設定,settings">系統導航</phone>
<phone id="設定,settings">指紋、臉部與密碼</phone>
<phone id="設定,settings">遊戲魔盒</phone>
<phone id="設定,settings">捷徑與輔助</phone>
<phone id="設定,settings">系統管理</phone>
<phone id="設定,settings">安全性</phone>
<phone id="設定,settings">數位健康與家長監護</phone>
<phone id="設定,settings">電池</phone>
<phone id="設定,settings">應用程式與權限</phone>
<phone id="設定,settings">Google</phone>
<phone id="設定,settings">帳戶與同步</phone>
<phone id="設定,settings">系統升級</phone>
<phone id="設定,settings">雙開應用程式</phone>
<phone id="設定,settings">開發人員選項</phone>
<phone id="設定,settings">隱私</phone>
<phone id="設定,settings">記憶體與儲存空間</phone>

<phone id="電話與聯絡人,contact">通話</phone>
<phone id="電話與聯絡人,contact">通話設定</phone>
<phone id="電話與聯絡人,contact">聯絡人</phone>
<phone id="電話與聯絡人,contact">更多操作</phone>
<phone id="電話與聯絡人,contact">訊息</phone>

<phone id="桌面應用程式,desktop">計算機</phone>
<phone id="桌面應用程式,desktop">便條</phone>
<phone id="桌面應用程式,desktop">錄音機</phone>
<phone id="桌面應用程式,desktop">指南針</phone>
<phone id="桌面應用程式,desktop">i主題</phone>
<phone id="桌面應用程式,desktop">i Manager</phone>
<phone id="桌面應用程式,desktop">鬧鐘時鐘</phone>
<phone id="桌面應用程式,desktop">行事曆</phone>
<phone id="桌面應用程式,desktop">i音樂</phone>
<phone id="桌面應用程式,desktop">天氣</phone>
<phone id="桌面應用程式,desktop">EasyShare</phone>
<phone id="桌面應用程式,desktop">vivo.com</phone>
<phone id="桌面應用程式,desktop">影片</phone>
<phone id="桌面應用程式,desktop">相機</phone>
<phone id="桌面應用程式,desktop">相簿</phone>
<phone id="桌面應用程式,desktop">電子郵件</phone>
<phone id="桌面應用程式,desktop">瀏覽器</phone>
<phone id="桌面應用程式,desktop">vivoCloud</phone>
<phone id="桌面應用程式,desktop">Google應用程式</phone>

<phone id="手機維護與保養,maintain">關於維護與保養</phone>
<phone id="手機維護與保養,maintain">手機及配件</phone>
<phone id="手機維護與保養,maintain">說明</phone>
<phone id="手機維護與保養,maintain">支援的檔案格式</phone>
<phone id="手機維護與保養,maintain">USB連線說明</phone>

<!--
我是跳转配置分割线，以前的内容往上面添加，下面写跳转目录配置。
格式：<skip id="visitmode">設定,访客模式</skip>
visitmode：跳转名称，与说明书开发约定一致即可
設定,访客模式：访客模式的说明书路径
-->
<skip id="usbhelp">手機維護與保養,USB連線說明</skip>
<skip id="usbdebug">設定,開發人員選項</skip>
<skip id="appclone">設定,雙開應用程式</skip>
</phones>
