<?xml version="1.0" encoding="utf-8"?>
<resource version="1.0">

    <!-- Mark Animation -->
    <animation type="mark-anim" name="mark" setting="-10" dir="mark" texture="mark_single_{n}.png" count="15" duration="32"/>

    <!-- Verify Animation -->
    <animation type="verify-anim" name="verify_none" setting="0" dir="verify/none" texture="verify_none_{n}.png" count="1" duration="32"/>
    <animation type="verify-anim" name="verify_planet" setting="6" dir="verify/planet" texture="verify_planet_{n}.png" count="52" duration="32"/>
    <animation type="verify-anim" name="verify_elf" setting="1" dir="verify/elf" texture="verify_elf_{n}.png" count="35" duration="32"/>
    <animation type="verify-anim" name="verify_magic_cube" setting="2" dir="verify/magic_cube" texture="verify_magic_cube_{n}.png" count="13" duration="32"/>
    <animation type="verify-anim" name="verify_force_field" setting="3" dir="verify/force_field" texture="verify_force_field_{n}.png" count="30" duration="32"/>
    <animation type="verify-anim" name="verify_pulse" setting="4" dir="verify/pulse" texture="verify_pulse_{n}.png" count="12" duration="32"/>

    <!-- Face Icon -->
    <drawable type="icon" name="icon_none" setting="0" dir="icon" texture="single_none.png"/>
    <drawable type="icon" name="icon_planet" setting="6" dir="icon" texture="single_planet.png"/>
    <drawable type="icon" name="icon_elf" setting="1" dir="icon" texture="single_elf.png"/>
    <drawable type="icon" name="icon_magic_cube" setting="2" dir="icon" texture="single_magic_cube.png"/>
    <drawable type="icon" name="icon_force_field" setting="3" dir="icon" texture="single_force_field.png"/>
    <drawable type="icon" name="icon_pulse" setting="4" dir="icon" texture="single_pulse.png"/>

    <!-- Verify Animation Setting Order -->
    <setting-order default="0" order="0,6,1,2,3,4"/>

</resource>